"1,Fluconazole,""InChI=1S/C13H12F2N6O/c14-10-1-2-11(12(15)3-10)13(22,4-20-8-16-6-18-20)5-21-9-17-7-19-21/h1-3,6-9,22H,4-5H2"",15,19.75,Small Molecules";;;;
"2,Cyclosulfamuron,""InChI=1S/C17H19N5O6S/c1-27-13-9-14(28-2)19-16(18-13)20-17(24)22-29(25,26)21-12-6-4-3-5-11(12)15(23)10-7-8-10/h3-6,9-10,21H,7-8H2,1-2H3,(H2,18,19,20,22,24)"",22,34.2,Small Molecules";;;;
"3,Capecitabine,""InChI=1S/C15H22FN3O6/c1-3-4-5-6-24-15(23)18-12-9(16)7-19(14(22)17-12)13-11(21)10(20)8(2)25-13/h7-8,10-11,13,20-21H,3-6H2,1-2H3,(H,17,18,22,23)/t8-,10-,11-,13-/m1/s1"",19,27.8,Small Molecules";;;;
"4,Folic Acid,""InChI=1S/C19H19N7O6/c20-19-25-15-14(17(30)26-19)23-11(8-22-15)7-21-10-3-1-9(2-4-10)16(29)24-12(18(31)32)5-6-13(27)28/h1-4,8,12,21H,5-7H2,(H,24,29)(H,27,28)(H,31,32)(H3,20,22,25,26,30)/t12-/m0/s1"",23,46,Small Molecules";;;;
"5,Oxasulfuron,""InChI=1S/C17H18N4O6S/c1-10-7-11(2)19-16(18-10)20-17(23)21-28(24,25)14-6-4-3-5-13(14)15(22)27-12-8-26-9-12/h3-7,12H,8-9H2,1-2H3,(H2,18,19,20,21,23)"",22,30.25,Small Molecules";;;;
"6,""SCH-58261 (7-(2-phenylethyl)-5-amino-2-(2-furyl)-pyrazolo-[4,3-e]-1,2,4-triazolo[1,5-c]pyrimidine)"",""InChI=1S/C18H15N7O/c19-18-22-16-13(11-20-24(16)9-8-12-5-2-1-3-6-12)17-21-15(23-25(17)18)14-7-4-10-26-14/h1-7,10-11H,8-9H2,(H2,19,22)"",20,18.25,Small Molecules";;;;
"7,Azetreonam,""InChI=1S/C13H17N5O8S2/c1-5-7(10(20)18(5)28(23,24)25)16-9(19)8(6-4-27-12(14)15-6)17-26-13(2,3)11(21)22/h4-5,7H,1-3H3,(H2,14,15)(H,16,19)(H,21,22)(H,23,24,25)/b17-8-/t5-,7-/m0/s1"",23,32.6,Small Molecules";;;;
"8,3-(3-Methoxyphenyl)thiomorpholine,""InChI=1S/C11H15NOS/c1-13-10-4-2-3-9(7-10)11-8-14-6-5-12-11/h2-4,7,11-12H,5-6,8H2,1H3"",11,5.5,Small Molecules";;;;
"9,Paliperidone,""InChI=1S/C23H27FN4O3/c1-14-17(23(30)28-9-2-3-19(29)22(28)25-14)8-12-27-10-6-15(7-11-27)21-18-5-4-16(24)13-20(18)31-26-21/h4-5,13,15,19,29H,2-3,6-12H2,1H3"",22,29,Small Molecules";;;;
"10,""LY-171,883"",""InChI=1S/C16H22N4O3/c1-3-6-13-14(9-8-12(11(2)21)16(13)22)23-10-5-4-7-15-17-19-20-18-15/h8-9,22H,3-7,10H2,1-2H3,(H,17,18,19,20)"",17,17.25,Small Molecules";;;;
"11,CDS021753,""InChI=1S/C12H18O2/c1-14-11(13)12-5-8-2-9(6-12)4-10(3-8)7-12/h8-10H,2-7H2,1H3"",9,5,Small Molecules";;;;
"12,Cefixime CDS 021590,""InChI=1S/C16H15N5O7S2/c1-2-6-4-29-14-10(13(25)21(14)11(6)15(26)27)19-12(24)9(20-28-3-8(22)23)7-5-30-16(17)18-7/h2,5,10,14H,1,3-4H2,(H2,17,18)(H,19,24)(H,22,23)(H,26,27)/b20-9-/t10-,14-/m1/s1"",23,51.5,Small Molecules";;;;
"13,CITCO,""InChI=1S/C19H12Cl3N3OS/c20-14-4-2-13(3-5-14)18-17(25-7-8-27-19(25)24-18)10-23-26-11-12-1-6-15(21)16(22)9-12/h1-10H,11H2/b23-10+"",20,50,Small Molecules";;;;
"14,""(3?,9S)-6'-Methoxy-10,11-dihydrocinchonan-9-yl 4-chlorobenzoate"",""InChI=1S/C27H29ClN2O3/c1-3-17-16-30-13-11-19(17)14-25(30)26(33-27(31)18-4-6-20(28)7-5-18)22-10-12-29-24-9-8-21(32-2)15-23(22)24/h4-10,12,15,17,19,25-26H,3,11,13-14,16H2,1-2H3/t17-,19+,25-,26+/m1/s1"",23,28.8,Small Molecules";;;;
"15,5-Amino-1-(3-chlorophenyl)-1H-pyrazole-4-carbonitrile,""InChI=1S/C10H7ClN4/c11-8-2-1-3-9(4-8)15-10(13)7(5-12)6-14-15/h1-4,6H,13H2"",13,2.8,Small Molecules";;;;
"16,Thymidine,""InChI=1S/C10H14N2O5/c1-5-3-12(10(16)11-9(5)15)8-2-6(14)7(4-13)17-8/h3,6-8,13-14H,2,4H2,1H3,(H,11,15,16)/t6-,7+,8+/m0/s1"",13,18.75,Small Molecules";;;;
"17,Sildenafil,""InChI=1S/C22H30N6O4S/c1-5-7-17-19-20(27(4)25-17)22(29)24-21(23-19)16-14-15(8-9-18(16)32-6-2)33(30,31)28-12-10-26(3)11-13-28/h8-9,14H,5-7,10-13H2,1-4H3,(H,23,24,29)"",26,37.16666667,Small Molecules";;;;
"18,Tenoxican,""InChI=1S/C13H11N3O4S2/c1-16-10(13(18)15-9-4-2-3-6-14-9)11(17)12-8(5-7-21-12)22(16,19)20/h2-7,17H,1H3,(H,14,15,18)"",19,22.625,Small Molecules";;;;
"19,Rolipram,""InChI=1S/C16H21NO3/c1-19-14-7-6-11(12-9-16(18)17-10-12)8-15(14)20-13-4-2-3-5-13/h6-8,12-13H,2-5,9-10H2,1H3,(H,17,18)"",15,10.6,Small Molecules";;;;
"20,Bay,""InChI=1S/C20H17FN6/c21-16-6-2-1-4-13(16)11-27-20-14(5-3-9-23-20)17(26-27)19-24-10-15(12-7-8-12)18(22)25-19/h1-6,9-10,12H,7-8,11H2,(H2,22,24,25)"",20,16,Small Molecules";;;;
"21,N-(4-Methoxybenzylidene)-4-butylaniline (MBBA),""InChI=1S/C18H21NO/c1-3-4-5-15-6-10-17(11-7-15)19-14-16-8-12-18(20-2)13-9-16/h6-14H,3-5H2,1-2H3"",13,4.4,Small Molecules";;;;
"22,""1,3,3-Trimethylindolino-6'-nitrobenzo-pyrylospiran"",""InChI=1S/C19H18N2O3/c1-18(2)15-6-4-5-7-16(15)20(3)19(18)11-10-13-12-14(21(22)23)8-9-17(13)24-19/h4-12H,1-3H3"",18,22.75,Small Molecules";;;;
"23,""3-(1,1-Dioxido-4-thiomorpholinyl)-3-(4-methoxyphenyl)propanoic acid"",""InChI=1S/C14H19NO5S/c1-20-12-4-2-11(3-5-12)13(10-14(16)17)15-6-8-21(18,19)9-7-15/h2-5,13H,6-10H2,1H3,(H,16,17)"",16,28.25,Small Molecules";;;;
"24,Domperidone,""InChI=1S/C22H24ClN5O2/c23-15-6-7-20-18(14-15)25-22(30)28(20)16-8-12-26(13-9-16)10-3-11-27-19-5-2-1-4-17(19)24-21(27)29/h1-2,4-7,14,16H,3,8-13H2,(H,24,29)(H,25,30)"",16,24.75,Small Molecules";;;;
"25,Kinetin,""InChI=1S/C10H9N5O/c1-2-7(16-3-1)4-11-9-8-10(13-5-12-8)15-6-14-9/h1-3,5-6H,4H2,(H2,11,12,13,14,15)"",13,2.25,Small Molecules";;;;
"26,(2S)-2-[(tert-Butoxycarbonyl)amino]-6-[(3-pyridinylcarbonyl)amino]hexanoic acid,""InChI=1S/C17H25N3O5/c1-17(2,3)25-16(24)20-13(15(22)23)8-4-5-10-19-14(21)12-7-6-9-18-11-12/h6-7,9,11,13H,4-5,8,10H2,1-3H3,(H,19,21)(H,20,24)(H,22,23)/t13-/m0/s1"",18,20.5,Small Molecules";;;;
"27,1-(2-Aminoethyl)piperazine,""InChI=1S/C6H15N3/c7-1-4-9-5-2-8-3-6-9/h8H,1-7H2"",5,1,Small Molecules";;;;
"28,""1,1'-(Methylenedi-4,1-phenylene)bismaleimide"",""InChI=1S/C21H14N2O4/c24-18-9-10-19(25)22(18)16-5-1-14(2-6-16)13-15-3-7-17(8-4-15)23-20(26)11-12-21(23)27/h1-12H,13H2"",11,34,Small Molecules";;;;
"29,""1,3-Nitropyridine"",""InChI=1S/C10H11N3O4/c14-10(15)8-4-2-6-12(8)9-7(13(16)17)3-1-5-11-9/h1,3,5,8H,2,4,6H2,(H,14,15)"",16,12,Small Molecules";;;;
"30,2-(2-Thienyl)isonicotinic acid,""InChI=1S/C10H7NO2S/c12-10(13)7-3-4-11-8(6-7)9-2-1-5-14-9/h1-6H,(H,12,13)"",11,10,Small Molecules";;;;
"31,2-(5-Methyl-2-thienyl)-4-quinolinecarboxylic acid,""InChI=1S/C15H11NO2S/c1-9-6-7-14(19-9)13-8-11(15(17)18)10-4-2-3-5-12(10)16-13/h2-8H,1H3,(H,17,18)"",14,3,Small Molecules";;;;
"32,2-Hydroxy-5-nitrobenzaldehyde,""InChI=1S/C7H5NO4/c9-4-5-3-6(8(11)12)1-2-7(5)10/h1-4,10H"",12,6,Small Molecules";;;;
"33,2?-Deoxyadenosine 5?-monophosphate,""InChI=1S/C10H14N5O6P/c11-9-8-10(13-3-12-9)15(4-14-8)7-1-5(16)6(21-7)2-20-22(17,18)19/h3-7,16H,1-2H2,(H2,11,12,13)(H2,17,18,19)/t5-,6+,7+/m0/s1"",17,15.5,Small Molecules";;;;
"34,""4,4',4""""-Tri-tert-Butyl-2,2':6',2""""-terpyridine"",""InChI=1S/C27H35N3/c1-25(2,3)18-10-12-28-21(14-18)23-16-20(27(7,8)9)17-24(30-23)22-15-19(11-13-29-22)26(4,5)6/h10-17H,1-9H3"",12,36,Small Molecules";;;;
"35,""5-[3-(4-Fluorophenyl)-1-phenyl-1H-pyrazol-4-yl]-2,4-imidazolidinedione( 5-(1,3-diaryl-1H-pyrazol-4-yl)hydantoin, 5-[3-(4-fluorophenyl)-1-phenyl-1H-pyrazol-4-yl]-2,4-imidazolidinedione)"",""InChI=1S/C18H13FN4O2/c19-12-8-6-11(7-9-12)15-14(16-17(24)21-18(25)20-16)10-23(22-15)13-4-2-1-3-5-13/h1-10,16H,(H2,20,21,24,25)"",18,12.5,Small Molecules";;;;
"36,5-Aminoisophthalic acid,""InChI=1S/C8H7NO4/c9-6-2-4(7(10)11)1-5(3-6)8(12)13/h1-3H,9H2,(H,10,11)(H,12,13)"",9,2,Small Molecules";;;;
"37,6-[4-(Methylsulfonyl)phenyl]-2-pyridinecarboxaldehyde,""InChI=1S/C13H11NO3S/c1-18(16,17)12-7-5-10(6-8-12)13-4-2-3-11(9-15)14-13/h2-9H,1H3"",13,13,Small Molecules";;;;
"38,AconticAcid,""InChI=1S/C6H6O6/c7-4(8)1-3(6(11)12)2-5(9)10/h1H,2H2,(H,7,8)(H,9,10)(H,11,12)/b3-1-"",7,1,Small Molecules";;;;
"39,Ampilicilin_Na_Salt,""InChI=1S/C16H19N3O4S.Na/c1-16(2)11(15(22)23)19-13(21)10(14(19)24-16)18-12(20)9(17)8-6-4-3-5-7-8";/h3-7,9-11,14H,17H2,1-2H3,(H,18,20)(H,22,23);/q;+1/p-1/t9-,10-,11+,14-;"/m1./s1"",18,17,Small Molecules"
"40,Arginine,""InChI=1S/C6H14N4O2/c7-4(5(11)12)2-1-3-10-6(8)9/h4H,1-3,7H2,(H,11,12)(H4,8,9,10)/t4-/m0/s1"",10,2,Small Molecules";;;;
"41,Asparagine,""InChI=1S/C4H8N2O3/c5-2(4(8)9)1-3(6)7/h2H,1,5H2,(H2,6,7)(H,8,9)/t2-/m0/s1"",7,1,Small Molecules";;;;
"42,CDS014803,""InChI=1S/C14H17N3O3S/c1-21(18,19)12-4-2-10(3-5-12)13-16-14(20-17-13)11-6-8-15-9-7-11/h2-5,11,15H,6-9H2,1H3"",17,36,Small Molecules";;;;
"43,CDS016302,""InChI=1S/C9H8F3N3OS/c1-5-2-7(9(10,11)12)15(14-5)8-13-6(3-16)4-17-8/h2,4,16H,3H2,1H3"",16,8,Small Molecules";;;;
"44,Cefpodoxime,""InChI=1S/C15H17N5O6S2/c1-25-3-6-4-27-13-9(12(22)20(13)10(6)14(23)24)18-11(21)8(19-26-2)7-5-28-15(16)17-7/h5,9,13H,3-4H2,1-2H3,(H2,16,17)(H,18,21)(H,23,24)/b19-8-/t9-,13-/m1/s1"",23,33,Small Molecules";;;;
"45,Ceftiofur,""InChI=1S/C19H17N5O7S3/c1-30-23-11(9-7-34-19(20)21-9)14(25)22-12-15(26)24-13(17(27)28)8(5-32-16(12)24)6-33-18(29)10-3-2-4-31-10/h2-4,7,12,16H,5-6H2,1H3,(H2,20,21)(H,22,25)(H,27,28)/b23-11-/t12-,16-/m1/s1"",27,27,Small Molecules";;;;
"46,Chlorquinaldol,""InChI=1S/C10H7Cl2NO/c1-5-2-3-6-7(11)4-8(12)10(14)9(6)13-5/h2-4,14H,1H3"",11,25,Small Molecules";;;;
"47,Cinnarizine,""InChI=1S/C26H28N2/c1-4-11-23(12-5-1)13-10-18-27-19-21-28(22-20-27)26(24-14-6-2-7-15-24)25-16-8-3-9-17-25/h1-17,26H,18-22H2/b13-10+"",14,25,Small Molecules";;;;
"48,Cysteine,""InChI=1S/C3H7NO2S/c4-2(1-7)3(5)6/h2,7H,1,4H2,(H,5,6)/t2-/m0/s1"",6,1,Small Molecules";;;;
"49,D + Biotin,""InChI=1S/C10H16N2O3S/c13-8(14)4-2-1-3-7-9-6(5-16-7)11-10(15)12-9/h6-7,9H,1-5H2,(H,13,14)(H2,11,12,15)/t6-,7-,9-/m0/s1"",13,3.5,Small Molecules";;;;
"50,""Ethyl 6-methyl-2-({oxo[(2E)-2-(4-pyridinylmethylene)hydrazino]acetyl}amino)-4,5,6,7-tetrahydro-1-benzothiophene-3-carboxylate"",""InChI=1S/C20H22N4O4S/c1-3-28-20(27)16-14-5-4-12(2)10-15(14)29-19(16)23-17(25)18(26)24-22-11-13-6-8-21-9-7-13/h6-9,11-12H,3-5,10H2,1-2H3,(H,23,25)(H,24,26)/b22-11+"",22,43,Small Molecules";;;;
"51,Flubendazole,""InChI=1S/C16H12FN3O3/c1-23-16(22)20-15-18-12-7-4-10(8-13(12)19-15)14(21)9-2-5-11(17)6-3-9/h2-8H,1H3,(H2,18,19,20,22)"",16,29,Small Molecules";;;;
"52,Fmoc L-Alanine,""InChI=1S/C18H17NO4/c1-11(17(20)21)19-18(22)23-10-16-14-8-4-2-6-12(14)13-7-3-5-9-15(13)16/h2-9,11,16H,10H2,1H3,(H,19,22)(H,20,21)/t11-/m0/s1"",15,36,Small Molecules";;;;
"53,Fmoc Nhydroxysuccinimide ester,""InChI=1S/C19H15NO5/c21-17-9-10-18(22)20(17)25-19(23)24-11-16-14-7-3-1-5-12(14)13-6-2-4-8-15(13)16/h1-8,16H,9-11H2"",18,32,Small Molecules";;;;
"54,Hydrochlorothiazide,""InChI=1S/C7H8ClN3O4S2/c8-4-1-5-7(2-6(4)16(9,12)13)17(14,15)11-3-10-5/h1-2,10-11H,3H2,(H2,9,12,13)"",13,30,Small Molecules";;;;
"55,IM12,""InChI=1S/C22H20FN3O2/c1-13-18(16-5-3-4-6-17(16)25-13)19-20(22(28)26(2)21(19)27)24-12-11-14-7-9-15(23)10-8-14/h3-10,24-25H,11-12H2,1-2H3"",17,35,Small Molecules";;;;
"56,Ketoconazole,""InChI=1S/C26H28Cl2N4O4/c1-19(33)31-10-12-32(13-11-31)21-3-5-22(6-4-21)34-15-23-16-35-26(36-23,17-30-9-8-29-18-30)24-7-2-20(27)14-25(24)28/h2-9,14,18,23H,10-13,15-17H2,1H3/t23-,26-/m0/s1"",23,44,Small Molecules";;;;
"57,KetoglutaricAcid,""InChI=1S/C5H6O5/c6-3(5(9)10)1-2-4(7)8/h1-2H2,(H,7,8)(H,9,10)"",6,5,Small Molecules";;;;
"58,Lysine,""InChI=1S/C6H14N2O2/c7-4-2-1-3-5(8)6(9)10/h5H,1-4,7-8H2,(H,9,10)/t5-/m0/s1"",7,1,Small Molecules";;;;
"59,Methionine,""InChI=1S/C5H11NO2S/c1-9-3-2-4(6)5(7)8/h4H,2-3,6H2,1H3,(H,7,8)/t4-/m0/s1"",8,3,Small Molecules";;;;
"60,Methylene Blue,""InChI=1S/C16H18N3S.ClH/c1-18(2)11-5-7-13-15(9-11)20-16-10-12(19(3)4)6-8-14(16)17-13";/h5-10H,1-4H3;1H/q+1;"/p-1"",14,22,Small Molecules";
"61,Necrostatin-5,""InChI=1S/C19H17N3O2S2/c1-24-13-8-6-12(7-9-13)22-18(23)16-14-4-2-3-5-15(14)26-17(16)21-19(22)25-11-10-20/h6-9H,2-5,11H2,1H3"",21,30.5,Small Molecules";;;;
"62,OxaloaceticAcid,""InChI=1S/C4H4O5/c5-2(4(8)9)1-3(6)7/h1H2,(H,6,7)(H,8,9)"",6,1,Small Molecules";;;;
"63,Pirenperone,""InChI=1S/C23H24FN3O2/c1-16-20(23(29)27-12-3-2-4-21(27)25-16)11-15-26-13-9-18(10-14-26)22(28)17-5-7-19(24)8-6-17/h2-8,12,18H,9-11,13-15H2,1H3"",21,31,Small Molecules";;;;
"64,Proline,""InChI=1S/C5H9NO2/c7-5(8)4-2-1-3-6-4/h4,6H,1-3H2,(H,7,8)"",8,1,Small Molecules";;;;
"65,PyrimidinAceticAcid,""InChI=1S/C9H10N4O2S/c1-5-3-6(2)13-8(10-5)11-12-9(13)16-4-7(14)15/h3H,4H2,1-2H3,(H,14,15)"",16,5,Small Molecules";;;;
"66,Quinoline Yellow,""InChI=1S/C18H11NO2/c20-17-12-6-2-3-7-13(12)18(21)16(17)15-10-9-11-5-1-4-8-14(11)19-15/h1-10,16H"",14,11,Small Molecules";;;;
"67,Serine,""InChI=1S/C3H7NO3/c4-2(1-5)3(6)7/h2,5H,1,4H2,(H,6,7)/t2-/m0/s1"",5,1,Small Molecules";;;;
"68,SinnapinicAcid,""InChI=1S/C11H12O5/c1-15-8-5-7(3-4-10(12)13)6-9(16-2)11(8)14/h3-6,14H,1-2H3,(H,12,13)/b4-3+"",11,4,Small Molecules";;;;
"69,SuccinicAcid,""InChI=1S/C4H6O4/c5-3(6)1-2-4(7)8/h1-2H2,(H,5,6)(H,7,8)"",5,3,Small Molecules";;;;
"70,Sulfanilamide,""InChI=1S/C6H8N2O2S/c7-5-1-3-6(4-2-5)11(8,9)10/h1-4H,7H2,(H2,8,9,10)"",9,2,Small Molecules";;;;
"71,Thioflavin T,""InChI=1S/C17H19N2S.ClH/c1-12-5-10-15-16(11-12)20-17(19(15)4)13-6-8-14(9-7-13)18(2)3";/h5-11H,1-4H3;1H/q+1;"/p-1"",14,18,Small Molecules";
"72,Threonine,""InChI=1S/C4H9NO3/c1-2(6)3(5)4(7)8/h2-3,6H,5H2,1H3,(H,7,8)"",6,1,Small Molecules";;;;
"73,Triethoxy-3-(2-imidazolin-1-yl)propylsilane,""InChI=1S/C12H26N2O3Si/c1-4-15-18(16-5-2,17-6-3)11-7-9-14-10-8-13-12-14/h12H,4-11H2,1-3H3"",13,20,Small Molecules";;;;
"74,Tryptophan,""InChI=1S/C11H12N2O2/c12-9(11(14)15)5-7-6-13-10-4-2-1-3-8(7)10/h1-4,6,9,13H,5,12H2,(H,14,15)/t9-/m0/s1"",12,18,Small Molecules";;;;
"75,Tyrosine,""InChI=1S/C9H11NO3/c10-8(9(12)13)5-6-1-3-7(11)4-2-6/h1-4,8,11H,5,10H2,(H,12,13)/t8-/m0/s1"",10,3,Small Molecules";;;;
"76,Minoxidil sulfate salt,""InChI=1S/C9H15N5O4S/c10-7-6-8(13-4-2-1-3-5-13)12-9(11)14(7)18-19(15,16)17/h6H,1-5H2,(H4,10,11,12,15,16,17)/p+1"",15,24.25,Small Molecules";;;;
"77,Cytidine,""InChI=1S/C9H13N3O5/c10-5-1-2-12(9(16)11-5)8-7(15)6(14)4(3-13)17-8/h1-2,4,6-8,13-15H,3H2,(H2,10,11,16)/t4-,6-,7-,8-/m1/s1"",13,22.16666667,Small Molecules";;;;
"78,leflunomide,""InChI=1S/C12H9F3N2O2/c1-7-10(6-16-19-7)11(18)17-9-4-2-8(3-5-9)12(13,14)15/h2-6H,1H3,(H,17,18)"",16,21.66666667,Small Molecules";;;;
"79,""8-(4-Chlorophenylthio)adenosine 3?,5?-cyclic monophosphate sodium salt"",""InChI=1S/C16H15ClN5O6PS.Na/c17-7-1-3-8(4-2-7)30-16-21-10-13(18)19-6-20-14(10)22(16)15-11(23)12-9(27-15)5-26-29(24,25)28-12";/h1-4,6,9,11-12,15,23H,5H2,(H,24,25)(H2,18,19,20);/q;+1/p-1/t9-,11-,12-,15-;"/m1./s1"",22,41.66666667,Small Molecules"
"80,5-(2-Oxo-2-phenylethoxy)-1(2H)-isoquinolinone,""InChI=1S/C17H13NO3/c19-15(12-5-2-1-3-6-12)11-21-16-8-4-7-14-13(16)9-10-18-17(14)20/h1-10H,11H2,(H,18,20)"",14,17.6,Small Molecules";;;;
"81,Primisulfuron-methyl,""InChI=1S/C15H12F4N4O7S/c1-28-11(24)7-4-2-3-5-8(7)31(26,27)23-15(25)22-14-20-9(29-12(16)17)6-10(21-14)30-13(18)19/h2-6,12-13H,1H3,(H2,20,21,22,23,25)"",24,40.6,Small Molecules";;;;
"82,SR1001,""InChI=1S/C15H13F6N3O4S2/c1-7-11(29-12(22-7)23-8(2)25)30(27,28)24-10-5-3-9(4-6-10)13(26,14(16,17)18)15(19,20)21/h3-6,24,26H,1-2H3,(H,22,23,25)"",23,32.5,Small Molecules";;;;
"83,Dienogest,""InChI=1S/C20H25NO2/c1-19-8-6-16-15-5-3-14(22)12-13(15)2-4-17(16)18(19)7-9-20(19,23)10-11-21/h12,17-18,23H,2-10H2,1H3/t17-,18+,19+,20-/m1/s1"",12,8.4,Small Molecules";;;;
"84,""4-{[(E)-(7-Oxo-6,7-dihydro-8H-[1,3]thiazolo[5,4-e]indol-8-ylidene)methyl]amino}-N-(2-pyridinyl)benzenesulfonamide"",""InChI=1S/C21H15N5O3S2/c27-21-15(19-16(25-21)8-9-17-20(19)30-12-24-17)11-23-13-4-6-14(7-5-13)31(28,29)26-18-3-1-2-10-22-18/h1-12,25,27H,(H,22,26)"",23,46.25,Small Molecules";;;;
"85,7-(2-HYDROXYPROPYL)THEOPHYLLINE,""InChI=1S/C10H14N4O3/c1-6(15)4-14-5-11-8-7(14)9(16)13(3)10(17)12(8)2/h5-6,15H,4H2,1-3H3"",14,14.75,Small Molecules";;;;
"86,""5-(5,6-dimethoxy-1H-benzimidazol-1-yl)-3-((2-(trifluoromethyl)benzyl)oxy)thiophene-2-carboxamide"",""InChI=1S/C22H18F3N3O4S/c1-30-16-7-14-15(8-17(16)31-2)28(11-27-14)19-9-18(20(33-19)21(26)29)32-10-12-5-3-4-6-13(12)22(23,24)25/h3-9,11H,10H2,1-2H3,(H2,26,29)"",25,30.2,Small Molecules";;;;
"87,FMOC Leucine,""InChI=1S/C21H23NO4/c1-13(2)11-19(20(23)24)22-21(25)26-12-18-16-9-5-3-7-14(16)15-8-4-6-10-17(15)18/h3-10,13,18-19H,11-12H2,1-2H3,(H,22,25)(H,23,24)/t19-/m0/s1"",17,29,Small Molecules";;;;
"88,Necrostatin-7,""InChI=1S/C16H10FN5OS2/c17-11-3-1-9(2-4-11)13-10(8-20-21-13)7-12-14(23)22(15(18)25-12)16-19-5-6-24-16/h1-8,18H,(H,20,21)/b12-7-,18-15?"",19,34,Small Molecules";;;;
"89,Dipyridamole,""InChI=1S/C24H40N8O4/c33-15-11-31(12-16-34)23-26-20-19(21(27-23)29-7-3-1-4-8-29)25-24(32(13-17-35)14-18-36)28-22(20)30-9-5-2-6-10-30/h33-36H,1-18H2"",14,30.71428571,Small Molecules";;;;
"90,""(6-[1-(3,5,5,8,8-Pentamethyl-5,6,7,8-tetrahydro-2-naphthalenyl)cyclopropyl]nicotinic acid)"",""InChI=1S/C24H29NO2/c1-15-12-18-19(23(4,5)9-8-22(18,2)3)13-17(15)24(10-11-24)20-7-6-16(14-25-20)21(26)27/h6-7,12-14H,8-11H2,1-5H3,(H,26,27)"",17,12.6,Small Molecules";;;;
"91,""1-ethyl-7-{3-[(ethylamino)methyl]-1-pyrrolidinyl}-6,8-difluoro-4-oxo-1,4-dihydro-3-quinolinecarboxylic acid"",""InChI=1S/C19H23F2N3O3/c1-3-22-8-11-5-6-24(9-11)17-14(20)7-12-16(15(17)21)23(4-2)10-13(18(12)25)19(26)27/h7,10-11,22H,3-6,8-9H2,1-2H3,(H,26,27)"",18,31,Small Molecules";;;;
"92,Cefalexin,""InChI=1S/C16H17N3O4S/c1-8-7-24-15-11(14(21)19(15)12(8)16(22)23)18-13(20)10(17)9-5-3-2-4-6-9/h2-6,10-11,15H,7,17H2,1H3,(H,18,20)(H,22,23)/t10-,11-,15-/m1/s1"",18,22.2,Small Molecules";;;;
"93,Prochloraz,""InChI=1S/C15H16Cl3N3O2/c1-2-4-20(15(22)21-5-3-19-10-21)6-7-23-14-12(17)8-11(16)9-13(14)18/h3,5,8-10H,2,4,6-7H2,1H3"",18,26,Small Molecules";;;;
"94,Clozapine,""InChI=1S/C18H19ClN4/c1-22-8-10-23(11-9-22)18-14-4-2-3-5-15(14)20-16-7-6-13(19)12-17(16)21-18/h2-7,12,20H,8-11H2,1H3"",15,13.66666667,Small Molecules";;;;
"95,ASGNQSGV,""InChI=1S/C27H46N10O13/c1-11(2)21(27(49)50)36-20(43)8-32-25(47)16(10-39)35-23(45)13(29)4-5-18(41)37-26(48)14(6-17(30)40)33-19(42)7-31-24(46)15(9-38)34-22(44)12(3)28/h11-16,21,38-39H,4-10,28-29H2,1-3H3,(H2,30,40)(H,31,46)(H,32,47)(H,33,42)(H,34,44)(H,35,45)(H,36,43)(H,49,50)(H,37,41,48)"",40,77.5,Peptides";;;;
"96,FGSN,""InChI=1S/C18H25N5O7/c19-11(6-10-4-2-1-3-5-10)16(27)21-8-15(26)22-13(9-24)17(28)23-12(18(29)30)7-14(20)25/h1-5,11-13,24H,6-9,19H2,(H2,20,25)(H,21,27)(H,22,26)(H,23,28)(H,29,30)"",29,46.5,Peptides";;;;
"97,FGSNQ,""InChI=1S/C23H33N7O9/c24-13(23(38)39)6-7-18(33)30-21(36)15(9-17(26)32)29-22(37)16(11-31)28-19(34)10-27-20(35)14(25)8-12-4-2-1-3-5-12/h1-5,13-16,31H,6-11,24-25H2,(H2,26,32)(H,27,35)(H,28,34)(H,29,37)(H,38,39)(H,30,33,36)"",37,42.4,Peptides";;;;
"98,GSGNQ,""InChI=1S/C16H27N7O9/c17-4-12(27)22-9(6-24)14(29)20-5-13(28)21-8(3-10(19)25)15(30)23-11(26)2-1-7(18)16(31)32/h7-9,24H,1-6,17-18H2,(H2,19,25)(H,20,29)(H,21,28)(H,22,27)(H,31,32)(H,23,26,30)"",27,47,Peptides";;;;
"99,HWYQNWYA,""InChI=1S/C58H64N12O15/c1-28(56(80)81)66-54(78)45(16-29-2-8-36(71)9-3-29)67-47(57(82)83)21-34-25-64-43-14-7-32(19-39(34)43)52(76)44(23-49(61)73)69-53(77)40(59)12-15-50(74)70-55(79)46(17-30-4-10-37(72)11-5-30)68-48(58(84)85)20-33-24-63-42-13-6-31(18-38(33)42)51(75)41(60)22-35-26-62-27-65-35/h2-11,13-14,18-19,24-28,40-41,44-48,63-64,67-68,71-72H,12,15-17,20-23,59-60H2,1H3,(H2,61,73)(H,62,65)(H,66,78)(H,69,77)(H,80,81)(H,82,83)(H,84,85)(H,70,74,79)"",58,53,Peptides";;;;
"100,HWYQNWYF,""InChI=1S/C64H68N12O15/c65-45(16-19-56(80)76-61(85)51(21-35-8-14-42(78)15-9-35)73-54(64(90)91)25-38-29-69-47-17-10-36(23-43(38)47)57(81)46(66)27-40-31-68-32-71-40)59(83)74-49(28-55(67)79)58(82)37-11-18-48-44(24-37)39(30-70-48)26-53(63(88)89)72-50(20-34-6-12-41(77)13-7-34)60(84)75-52(62(86)87)22-33-4-2-1-3-5-33/h1-15,17-18,23-24,29-32,45-46,49-54,69-70,72-73,77-78H,16,19-22,25-28,65-66H2,(H2,67,79)(H,68,71)(H,74,83)(H,75,84)(H,86,87)(H,88,89)(H,90,91)(H,76,80,85)"",63,77.2,Peptides";;;;
"101,NWYA,""InChI=1S/C27H31N5O8/c1-13(26(37)38)31-25(36)21(8-14-2-5-17(33)6-3-14)32-22(27(39)40)10-16-12-30-20-7-4-15(9-18(16)20)24(35)19(28)11-23(29)34/h2-7,9,12-13,19,21-22,30,32-33H,8,10-11,28H2,1H3,(H2,29,34)(H,31,36)(H,37,38)(H,39,40)"",37,59,Peptides";;;;
"102,NWYF,""InChI=1S/C33H35N5O8/c34-24(16-29(35)40)30(41)20-8-11-25-23(14-20)21(17-36-25)15-28(33(45)46)37-26(12-19-6-9-22(39)10-7-19)31(42)38-27(32(43)44)13-18-4-2-1-3-5-18/h1-11,14,17,24,26-28,36-37,39H,12-13,15-16,34H2,(H2,35,40)(H,38,42)(H,43,44)(H,45,46)"",42,52.8,Peptides";;;;
"103,NWYW,""InChI=1S/C35H36N6O8/c36-25(14-31(38)43)32(44)18-3-7-28-24(10-18)21(16-40-28)13-30(35(48)49)41-29(9-17-1-5-22(42)6-2-17)33(45)19-4-8-27-23(11-19)20(15-39-27)12-26(37)34(46)47/h1-8,10-11,15-16,25-26,29-30,39-42H,9,12-14,36-37H2,(H2,38,43)(H,46,47)(H,48,49)"",32,57.4,Peptides";;;;
"104,NYWF,""InChI=1S/C33H35N5O8/c34-24(16-29(35)40)31(42)38-26(12-19-6-9-22(39)10-7-19)30(41)20-8-11-25-23(14-20)21(17-36-25)15-28(33(45)46)37-27(32(43)44)13-18-4-2-1-3-5-18/h1-11,14,17,24,26-28,36-37,39H,12-13,15-16,34H2,(H2,35,40)(H,38,42)(H,43,44)(H,45,46)"",42,55.8,Peptides";;;;
"105,QNWYA,""InChI=1S/C32H39N7O10/c1-15(31(46)47)37-30(45)24(10-16-2-5-19(40)6-3-16)38-25(32(48)49)12-18-14-36-22-8-4-17(11-20(18)22)28(43)23(13-27(35)42)39-29(44)21(33)7-9-26(34)41/h2-6,8,11,14-15,21,23-25,36,38,40H,7,9-10,12-13,33H2,1H3,(H2,34,41)(H2,35,42)(H,37,45)(H,39,44)(H,46,47)(H,48,49)"",45,57.66666667,Peptides";;;;
"106,QNWYF,""InChI=1S/C38H43N7O10/c39-26(11-13-32(40)47)35(50)44-28(18-33(41)48)34(49)22-8-12-27-25(16-22)23(19-42-27)17-31(38(54)55)43-29(14-21-6-9-24(46)10-7-21)36(51)45-30(37(52)53)15-20-4-2-1-3-5-20/h1-10,12,16,19,26,28-31,42-43,46H,11,13-15,17-18,39H2,(H2,40,47)(H2,41,48)(H,44,50)(H,45,51)(H,52,53)(H,54,55)"",50,68.6,Peptides";;;;
"107,QNWYW,""InChI=1S/C40H44N8O10/c41-27(7-10-34(43)50)38(54)48-32(16-35(44)51)37(53)21-4-9-30-26(13-21)23(18-46-30)15-33(40(57)58)47-31(11-19-1-5-24(49)6-2-19)36(52)20-3-8-29-25(12-20)22(17-45-29)14-28(42)39(55)56/h1-6,8-9,12-13,17-18,27-28,31-33,45-47,49H,7,10-11,14-16,41-42H2,(H2,43,50)(H2,44,51)(H,48,54)(H,55,56)(H,57,58)"",40,60.4,Peptides";;;;
"108,QNYWF,""InChI=1S/C38H43N7O10/c39-26(11-13-32(40)47)35(50)45-29(18-33(41)48)36(51)44-28(14-21-6-9-24(46)10-7-21)34(49)22-8-12-27-25(16-22)23(19-42-27)17-31(38(54)55)43-30(37(52)53)15-20-4-2-1-3-5-20/h1-10,12,16,19,26,28-31,42-43,46H,11,13-15,17-18,39H2,(H2,40,47)(H2,41,48)(H,44,51)(H,45,50)(H,52,53)(H,54,55)"",50,69.4,Peptides";;;;
"109,WYA,""InChI=1S/C23H25N3O6/c1-13(22(29)30)25-21(28)19(10-14-6-8-16(27)9-7-14)26-20(23(31)32)11-15-12-24-18-5-3-2-4-17(15)18/h2-9,12-13,19-20,24,26-27H,10-11H2,1H3,(H,25,28)(H,29,30)(H,31,32)"",29,42.4,Peptides";;;;
"110,WYF,""InChI=1S/C29H29N3O6/c33-21-12-10-19(11-13-21)14-24(27(34)32-25(28(35)36)15-18-6-2-1-3-7-18)31-26(29(37)38)16-20-17-30-23-9-5-4-8-22(20)23/h1-13,17,24-26,30-31,33H,14-16H2,(H,32,34)(H,35,36)(H,37,38)"",34,46.8,Peptides";;;;
"111,WYW,""InChI=1S/C31H30N4O6/c32-24(30(38)39)13-19-15-34-26-10-7-18(12-23(19)26)29(37)27(11-17-5-8-21(36)9-6-17)35-28(31(40)41)14-20-16-33-25-4-2-1-3-22(20)25/h1-10,12,15-16,24,27-28,33-36H,11,13-14,32H2,(H,38,39)(H,40,41)"",24,48.72727273,Peptides";;;;
"112,YWF,""InChI=1S/C29H29N3O6/c30-23(12-18-6-9-21(33)10-7-18)27(34)19-8-11-24-22(14-19)20(16-31-24)15-26(29(37)38)32-25(28(35)36)13-17-4-2-1-3-5-17/h1-11,14,16,23,25-26,31-33H,12-13,15,30H2,(H,35,36)(H,37,38)"",34,56.66666667,Peptides";;;;
"113,YWHQNWYF,""InChI=1S/C64H68N12O15/c65-45(16-19-56(80)76-61(85)51(27-40-31-68-32-71-40)73-54(64(90)91)26-38-29-69-47-17-10-36(23-43(38)47)57(81)46(66)20-34-6-12-41(77)13-7-34)59(83)74-49(28-55(67)79)58(82)37-11-18-48-44(24-37)39(30-70-48)25-53(63(88)89)72-50(21-35-8-14-42(78)15-9-35)60(84)75-52(62(86)87)22-33-4-2-1-3-5-33/h1-15,17-18,23-24,29-32,45-46,49-54,69-70,72-73,77-78H,16,19-22,25-28,65-66H2,(H2,67,79)(H,68,71)(H,74,83)(H,75,84)(H,86,87)(H,88,89)(H,90,91)(H,76,80,85)"",64,88,Peptides";;;;
"114,YWHQNWYW,""InChI=1S/C66H69N13O15/c67-46(12-16-58(83)79-63(88)54(25-40-30-71-31-75-40)77-56(66(93)94)24-39-29-73-50-13-5-34(19-44(39)50)59(84)47(68)17-32-1-8-41(80)9-2-32)62(87)78-53(26-57(70)82)61(86)36-7-15-51-45(21-36)38(28-74-51)23-55(65(91)92)76-52(18-33-3-10-42(81)11-4-33)60(85)35-6-14-49-43(20-35)37(27-72-49)22-48(69)64(89)90/h1-11,13-15,19-21,27-31,46-48,52-56,72-74,76-77,80-81H,12,16-18,22-26,67-69H2,(H2,70,82)(H,71,75)(H,78,87)(H,89,90)(H,91,92)(H,93,94)(H,79,83,88)"",53,79.25,Peptides";;;;
